id,accuracy,loss,val_accuracy,val_loss
"hidden-1, act-relu, nod-30",0.67101926,0.8094277727979738,0.8544613361358643,0.3621547704875134
"hidden-1, act-relu, nod-30",0.82414454,0.42116124824274426,0.8790788590908051,0.28622606845851906
"hidden-1, act-relu, nod-30",0.8521945,0.34883087922568795,0.88737633228302,0.2619203586975116
"hidden-1, act-relu, nod-30",0.866718,0.3119486723881821,0.8937697827816009,0.2445845676727177
"hidden-1, act-relu, nod-30",0.87584627,0.2904098519090609,0.8941792368888855,0.23976485343219714
"hidden-1, act-relu, nod-30",0.8804407,0.27483137117177553,0.8958109676837921,0.23045468588771464
"hidden-1, act-relu, nod-30",0.88671255,0.2615531740960774,0.9013891935348508,0.2263017382083808
"hidden-1, act-relu, nod-30",0.8900524999999999,0.2518805543957172,0.9015230298042296,0.22415795461850668
"hidden-1, act-relu, nod-30",0.8938761000000001,0.2429904027518649,0.9031566143035888,0.217140966963218
"hidden-1, act-relu, nod-30",0.8952815999999999,0.2372224024678536,0.9084610641002656,0.21403139523842288
"hidden-1, act-relu, nod-30",0.89937735,0.2304014390766997,0.9047883331775666,0.2153014239622569
"hidden-1, act-relu, nod-30",0.90155363,0.22496261488432595,0.9090052843093872,0.2079637979156112
"hidden-1, act-relu, nod-30",0.9033822,0.22043845111033336,0.909005469083786,0.20700580960572101
"hidden-1, act-relu, nod-30",0.9059969,0.21364539910228256,0.9103650987148284,0.2036157238438915
"hidden-1, act-relu, nod-30",0.90744764,0.21272600438893646,0.9099589526653292,0.2060804770656396
"hidden-1, act-relu, nod-30",0.90880793,0.2066132496726246,0.9109102308750152,0.2042691508229052
"hidden-1, act-relu, nod-30",0.9122386,0.2033771353014628,0.9099569261074066,0.205224685479188
"hidden-1, act-relu, nod-30",0.9121931,0.2020214546585955,0.9091429948806764,0.20864624858316816
"hidden-1, act-relu, nod-30",0.9132209,0.19792159310982949,0.9124057114124298,0.1977813447014498
"hidden-1, act-relu, nod-30",0.9151856,0.1934263126369712,0.9130865454673768,0.20256712870779767
"hidden-1, act-relu, nod-30",0.91668177,0.19138987200225288,0.9148543357849122,0.20232185782099465
"hidden-1, act-relu, nod-30",0.9184349,0.1880518237286092,0.9167581677436828,0.19648750735954204
"hidden-1, act-relu, nod-30",0.9193265,0.1875590551573696,0.9139021337032318,0.19756623221641195
"hidden-1, act-relu, nod-30",0.9193718,0.18475865932120733,0.9177109241485596,0.19314633922335736
"hidden-1, act-relu, nod-30",0.9204752,0.1836263806378504,0.9182555139064787,0.1965204385954295
"hidden-1, act-relu, nod-30",0.92011243,0.1852051837893744,0.9166241466999054,0.19763157733038167
"hidden-1, act-relu, nod-30",0.92280257,0.1795454895264306,0.9201599061489104,0.19403164021633354
"hidden-1, act-relu, nod-30",0.9243744,0.1758292358318701,0.918799352645874,0.190653006785528
"hidden-1, act-relu, nod-30",0.9232106,0.17652736179118253,0.9183923125267028,0.19400243878150808
"hidden-1, act-relu, nod-30",0.92544734,0.17581218394960735,0.9175763487815856,0.20217389289949708
"hidden-1, act-relu, nod-50",0.7248365,0.6766276852882938,0.8603129565715791,0.3248161565930453
"hidden-1, act-relu, nod-50",0.8470559000000001,0.3575156094993596,0.8861562788486481,0.2643102962034265
"hidden-1, act-relu, nod-50",0.87108576,0.29911682988767313,0.8926817059516907,0.24539983750412145
"hidden-1, act-relu, nod-50",0.8820125,0.2718273886087864,0.8933623492717743,0.241665833999872
"hidden-1, act-relu, nod-50",0.8892969000000001,0.2506550259792159,0.9027491867542268,0.22599172549134386
"hidden-1, act-relu, nod-50",0.8965661,0.2362132294848905,0.9037023067474366,0.21746433707039511
"hidden-1, act-relu, nod-50",0.90167445,0.2247496462942566,0.9069650173187256,0.21077062253275852
"hidden-1, act-relu, nod-50",0.90575516,0.21516805331541447,0.9077811658382416,0.20625150326175545
"hidden-1, act-relu, nod-50",0.90823364,0.20915150357997275,0.9106408953666688,0.2009958230019171
"hidden-1, act-relu, nod-50",0.91119564,0.2004583216148624,0.9111828863620758,0.2025112850697867
"hidden-1, act-relu, nod-50",0.9137801,0.19678357988499331,0.914583706855774,0.20003788742234865
"hidden-1, act-relu, nod-50",0.91594124,0.19043430960828456,0.9145837008953096,0.19933514944847625
"hidden-1, act-relu, nod-50",0.91890347,0.18688950622813397,0.916486430168152,0.2007228010979252
"hidden-1, act-relu, nod-50",0.92151797,0.18141935454673133,0.9124075710773468,0.1990174862698792
"hidden-1, act-relu, nod-50",0.92395115,0.1762455019116107,0.9200232863426208,0.1918994507234774
"hidden-1, act-relu, nod-50",0.9233767,0.17375881493731327,0.9213840186595916,0.19034803403361286
"hidden-1, act-relu, nod-50",0.92546254,0.17348669089454513,0.9193417310714722,0.18939878575858607
"hidden-1, act-relu, nod-50",0.92748755,0.16674938593330108,0.9213840186595916,0.19051981728813752
"hidden-1, act-relu, nod-50",0.92899895,0.16293201847305033,0.9208398044109344,0.18661769503427306
"hidden-1, act-relu, nod-50",0.9279259,0.16436036418710434,0.9230165004730224,0.1905090912792218
"hidden-1, act-relu, nod-50",0.9298604,0.16182767898758058,0.9209764122962952,0.19219130527665546
"hidden-1, act-relu, nod-50",0.9316438,0.1588654990061011,0.9227445602416992,0.1893513673260539
"hidden-1, act-relu, nod-50",0.9319913,0.1563157961986721,0.9175741195678708,0.1950371110352917
"hidden-1, act-relu, nod-50",0.9332155,0.1556578962647494,0.9257379472255708,0.18617619271533653
"hidden-1, act-relu, nod-50",0.9333968,0.15206206987747958,0.9219291627407074,0.1938532584996636
"hidden-1, act-relu, nod-50",0.93504417,0.15091438967497434,0.9200231015682221,0.19229068081921832
"hidden-1, act-relu, nod-50",0.93514997,0.15008450085430972,0.9245116055011752,0.1900141507412393
"hidden-1, act-relu, nod-50",0.93687284,0.1474436660601019,0.9228806257247923,0.19472567599422125
"hidden-1, act-relu, nod-50",0.93728083,0.1468304234520133,0.9219265699386596,0.19116955890156345
"hidden-1, act-relu, nod-50",0.938369,0.1426046036243028,0.9216561317443848,0.19897131658548411
"hidden-1, act-relu, nod-70",0.75145084,0.6002866921129982,0.8679292321205139,0.3036404670817688
"hidden-1, act-relu, nod-70",0.8608389999999999,0.32565833159633323,0.8903691709041596,0.2514607221870531
"hidden-1, act-relu, nod-70",0.8803350000000001,0.2744649132250828,0.8920008838176727,0.237277060583106
"hidden-1, act-relu, nod-70",0.8905815,0.2490325315574796,0.9002998411655426,0.22371505617826548
"hidden-1, act-relu, nod-70",0.8985764,0.2297519984515088,0.901252782344818,0.22463377879819588
"hidden-1, act-relu, nod-70",0.90406245,0.2173998110362322,0.9054704546928406,0.20875941593145972
"hidden-1, act-relu, nod-70",0.9092309,0.20731513772617333,0.9099591434001922,0.20740609424754525
"hidden-1, act-relu, nod-70",0.9140067,0.19669474654538602,0.913088583946228,0.20187079675978228
"hidden-1, act-relu, nod-70",0.9160169,0.19158848567327366,0.9130869328975676,0.20231190930374346
"hidden-1, act-relu, nod-70",0.918707,0.1849469767747124,0.912678200006485,0.2005533986172401
"hidden-1, act-relu, nod-70",0.9211553,0.18055425254394286,0.9197515547275544,0.18957858105967712
"hidden-1, act-relu, nod-70",0.92393607,0.17257778609332333,0.9173027575016022,0.1970140718396988
"hidden-1, act-relu, nod-70",0.9260972,0.16899548338744458,0.9171661496162414,0.19404636284387689
"hidden-1, act-relu, nod-70",0.9268983,0.16670287467240474,0.9208392560482024,0.19122892249319384
"hidden-1, act-relu, nod-70",0.93131113,0.15910711485909676,0.92247171998024,0.18576526158093454
"hidden-1, act-relu, nod-70",0.9319461,0.15682707096202425,0.9208390593528748,0.19188747281463708
"hidden-1, act-relu, nod-70",0.931674,0.1546009640074233,0.9209771513938904,0.18957500716414072
"hidden-1, act-relu, nod-70",0.9338048,0.15337784843255456,0.9201617538928986,0.18885100461824675
"hidden-1, act-relu, nod-70",0.9352859,0.15221989985754045,0.9185257673263548,0.19424021812569572
"hidden-1, act-relu, nod-70",0.9361927,0.14692443317260295,0.9208407282829284,0.19501859348158235
"hidden-1, act-relu, nod-70",0.9385958,0.14286930909798712,0.919480001926422,0.19222352634702203
"hidden-1, act-relu, nod-70",0.93817246,0.1423811751646205,0.9216551899909972,0.1867402567821496
"hidden-1, act-relu, nod-70",0.94086266,0.14028957667561415,0.9226090669631958,0.19034340568702185
"hidden-1, act-relu, nod-70",0.94063586,0.13675103895313914,0.9245130956172944,0.18849889821786384
"hidden-1, act-relu, nod-70",0.94228333,0.13412361925965216,0.9215204417705536,0.19470036110469696
"hidden-1, act-relu, nod-70",0.9434168,0.13317912926404948,0.9222007155418396,0.19582940289796424
"hidden-1, act-relu, nod-70",0.94278204,0.1340771719431158,0.9235590517520904,0.19576172182977164
"hidden-1, act-relu, nod-70",0.94476175,0.12921050327336206,0.9268245339393616,0.19424626981302398
"hidden-1, act-relu, nod-70",0.94432354,0.13044342641964535,0.9243772149085998,0.1881854476738712
"hidden-1, act-relu, nod-70",0.94527566,0.12588565296879026,0.924786114692688,0.19061317767671354
"hidden-1, act-relu, nod-100",0.77514815,0.5443362426724009,0.8748619019985199,0.2920759961328557
"hidden-1, act-relu, nod-100",0.86644614,0.30816963102503914,0.8864270925521851,0.2537333390245826
"hidden-1, act-relu, nod-100",0.8855187,0.2610696876603324,0.8969006955623626,0.2328622764654412
"hidden-1, act-relu, nod-100",0.8979417,0.2330860319083811,0.9049230992794036,0.22094420116779293
"hidden-1, act-relu, nod-100",0.9044553,0.21733467902090292,0.9106360852718354,0.20976766078692416
"hidden-1, act-relu, nod-100",0.91009235,0.202365713366917,0.9128136992454527,0.20408116144570804
"hidden-1, act-relu, nod-100",0.91468686,0.19425164637125555,0.9130869209766388,0.205054835790922
"hidden-1, act-relu, nod-100",0.9199009,0.18104694959104345,0.9148532211780548,0.20194323929407404
"hidden-1, act-relu, nod-100",0.9213668,0.1786013325878258,0.9168931186199188,0.1962911536119034
"hidden-1, act-relu, nod-100",0.92431384,0.17275011001896026,0.9143110334873199,0.20440677326136228
"hidden-1, act-relu, nod-100",0.92682254,0.1667676813525192,0.9167572438716888,0.2006358933615168
"hidden-1, act-relu, nod-100",0.92922556,0.16220845130542433,0.9151258885860444,0.20110708191424514
"hidden-1, act-relu, nod-100",0.93023825,0.15891257250301205,0.9220626413822174,0.19185863421555016
"hidden-1, act-relu, nod-100",0.9316889000000002,0.15633416590580412,0.9189359664916992,0.1922050169474784
"hidden-1, act-relu, nod-100",0.9356184,0.15035591860035638,0.9192097365856172,0.1993753772431693
"hidden-1, act-relu, nod-100",0.93602645,0.1484348904946027,0.9193439483642578,0.19410494625828426
"hidden-1, act-relu, nod-100",0.93719023,0.14366450125939484,0.9179819285869598,0.19507536662921546
"hidden-1, act-relu, nod-100",0.9380668,0.14153924400308435,0.923832643032074,0.19580017024191154
"hidden-1, act-relu, nod-100",0.9405454,0.1381905058060588,0.919889271259308,0.19192049087661808
"hidden-1, act-relu, nod-100",0.9413764,0.1375128490703112,0.9213836491107941,0.1884847377103039
"hidden-1, act-relu, nod-100",0.94202626,0.13373315543964362,0.9239686906337738,0.1878188162427797
"hidden-1, act-relu, nod-100",0.9425705,0.13357950705961336,0.9208377718925476,0.19155992600426666
"hidden-1, act-relu, nod-100",0.945185,0.12868686153833894,0.9231527268886566,0.19559595446881592
"hidden-1, act-relu, nod-100",0.9452758,0.12731896757121408,0.9197497010231018,0.20342282389127286
"hidden-1, act-relu, nod-100",0.9453966,0.12643789834614808,0.925463616847992,0.19385978277013505
"hidden-1, act-relu, nod-100",0.9467718,0.12341513966758545,0.9215195178985596,0.2012410246989949
"hidden-1, act-relu, nod-100",0.9481171,0.121975524079096,0.9205669462680816,0.20375697462195053
"hidden-1, act-relu, nod-100",0.946787,0.123907385949274,0.9220613360404968,0.2027170144615178
"hidden-1, act-relu, nod-100",0.94990027,0.11800813196884084,0.9219287991523742,0.20057395994189453
"hidden-1, act-relu, nod-100",0.9515174,0.11434299897966008,0.923152357339859,0.2038391482495532
"hidden-2, act-relu, nod-30",0.589288,0.968437983290497,0.8348704099655151,0.4194405972529219
"hidden-2, act-relu, nod-30",0.7867703,0.4970895310551341,0.8657497823238373,0.30756453470096395
"hidden-2, act-relu, nod-30",0.8340136,0.39425687761931705,0.8822103261947631,0.2708793740279485
"hidden-2, act-relu, nod-30",0.85119694,0.3491373691471055,0.8865627825260163,0.2552436630795849
"hidden-2, act-relu, nod-30",0.8625166,0.3244509630108385,0.8873785436153412,0.2550212438503284
"hidden-2, act-relu, nod-30",0.86910594,0.3049965058570681,0.8910507261753082,0.2405172603455072
"hidden-2, act-relu, nod-30",0.8756497999999999,0.2909178488804985,0.8983935952186585,0.23372199143435396
"hidden-2, act-relu, nod-30",0.880592,0.2797165005561176,0.8949977815151214,0.2371952449441996
"hidden-2, act-relu, nod-30",0.88365984,0.27133870249537634,0.8997543275356292,0.22908148886606694
"hidden-2, act-relu, nod-30",0.8867278000000001,0.26201970130513497,0.8966280281543731,0.22909151633201505
"hidden-2, act-relu, nod-30",0.8884656999999999,0.2575851436515342,0.8992128789424896,0.2276850154391233
"hidden-2, act-relu, nod-30",0.89179057,0.250656378959205,0.905467689037323,0.21972558940000805
"hidden-2, act-relu, nod-30",0.8945411,0.2422899380215089,0.9042435586452484,0.22089285893699045
"hidden-2, act-relu, nod-30",0.8963094000000001,0.24155759086095105,0.9043803513050079,0.21861896875081105
"hidden-2, act-relu, nod-30",0.8980171999999998,0.2358884200374259,0.9062838375568392,0.21948307984328705
"hidden-2, act-relu, nod-30",0.8986972,0.2333283764086997,0.906691801548004,0.21945927734220388
"hidden-2, act-relu, nod-30",0.9009491,0.2280119198463129,0.908460694551468,0.21176461682666764
"hidden-2, act-relu, nod-30",0.9030801,0.2240623666322244,0.9087315142154694,0.20926530064401788
"hidden-2, act-relu, nod-30",0.90469706,0.22080116284790616,0.9075099706649781,0.20834937885275825
"hidden-2, act-relu, nod-30",0.9053923,0.2180594910431756,0.9113180279731752,0.2062548499281362
"hidden-2, act-relu, nod-30",0.90846014,0.21401752681191968,0.912406462430954,0.208833511257288
"hidden-2, act-relu, nod-30",0.90855086,0.2141300976845338,0.9084627330303192,0.2089715465584192
"hidden-2, act-relu, nod-30",0.9096239,0.21145422441215528,0.9130852520465852,0.2034459307247261
"hidden-2, act-relu, nod-30",0.9116038,0.20588675525572744,0.9153974294662476,0.2078969663831564
"hidden-2, act-relu, nod-30",0.91177005,0.20618445513872252,0.9130865454673768,0.20276420344569668
"hidden-2, act-relu, nod-30",0.91385555,0.2011109469472514,0.9152606427669524,0.20730290935294088
"hidden-2, act-relu, nod-30",0.91349286,0.2009298963097347,0.9111825346946716,0.20762174074482687
"hidden-2, act-relu, nod-30",0.9142033000000002,0.19914652639285754,0.9160784482955932,0.20010175484982126
"hidden-2, act-relu, nod-30",0.9151252,0.1983119117990776,0.9133582830429076,0.20536634974399806
"hidden-2, act-relu, nod-30",0.9165155,0.1973185571661855,0.9128129601478576,0.20624952540713912
"hidden-2, act-relu, nod-50",0.6757041,0.7715678154052079,0.858271598815918,0.3358080875201889
"hidden-2, act-relu, nod-50",0.83216965,0.39701674431508616,0.8782654941082001,0.2726144083040384
"hidden-2, act-relu, nod-50",0.8599323,0.32840506864647023,0.8850702464580535,0.25862248790181275
"hidden-2, act-relu, nod-50",0.8743350000000001,0.2928410907980563,0.8935000717639923,0.2385318137633928
"hidden-2, act-relu, nod-50",0.8821181,0.27392942501383705,0.892412930727005,0.2362677649922693
"hidden-2, act-relu, nod-50",0.8864103999999999,0.258378581723028,0.9000279128551483,0.2270231655407978
"hidden-2, act-relu, nod-50",0.8908385,0.2501777818631482,0.9005726873874664,0.21869644178556324
"hidden-2, act-relu, nod-50",0.89664185,0.23807616096274,0.9016620397567752,0.21800127647510825
"hidden-2, act-relu, nod-50",0.9001179,0.22723581742106685,0.9030212998390198,0.21895088370366053
"hidden-2, act-relu, nod-50",0.9034728,0.2215276118400684,0.9035681009292602,0.2151092737870821
"hidden-2, act-relu, nod-50",0.90465176,0.2182021109618004,0.9098217964172364,0.2099859417923824
"hidden-2, act-relu, nod-50",0.9092611,0.2120494560128637,0.908872365951538,0.20577102158761826
"hidden-2, act-relu, nod-50",0.9087776,0.20866345371992914,0.9114538908004759,0.2063572288451552
"hidden-2, act-relu, nod-50",0.9117397,0.20065980533716807,0.914581298828125,0.20336549629899955
"hidden-2, act-relu, nod-50",0.91305476,0.19896686920357,0.9119984745979308,0.20073182991738064
"hidden-2, act-relu, nod-50",0.9159864,0.19290871254072456,0.9179832220077516,0.20108481166212736
"hidden-2, act-relu, nod-50",0.91766405,0.19119638811100875,0.9158076286315918,0.20002266654616385
"hidden-2, act-relu, nod-50",0.91902417,0.1880233740731011,0.9151275515556336,0.19906713941774398
"hidden-2, act-relu, nod-50",0.91979504,0.18523444539883024,0.9171663284301758,0.19507329227677714
"hidden-2, act-relu, nod-50",0.9209285,0.18219494028746835,0.9178469777107242,0.19546297892390432
"hidden-2, act-relu, nod-50",0.9231804,0.17890968565448787,0.9166228592395782,0.2028000972098684
"hidden-2, act-relu, nod-50",0.92466134,0.17540588205182486,0.9185279905796052,0.1999895819721931
"hidden-2, act-relu, nod-50",0.92522067,0.1749821386754571,0.9173031270503996,0.1981340094913801
"hidden-2, act-relu, nod-50",0.9266715,0.17201721849638602,0.9197510004043579,0.1955898753026954
"hidden-2, act-relu, nod-50",0.9283489,0.16559970171593644,0.9192067742347716,0.19482811956368087
"hidden-2, act-relu, nod-50",0.9297848,0.16684109382558854,0.9179856181144714,0.19649196809799546
"hidden-2, act-relu, nod-50",0.9289988,0.1668412912575145,0.9213823616504668,0.1918931260830604
"hidden-2, act-relu, nod-50",0.9294674,0.16687563085301133,0.9232871115207671,0.1954962344766236
"hidden-2, act-relu, nod-50",0.9310694,0.16261138201171646,0.9216544628143308,0.1988254150491967
"hidden-2, act-relu, nod-50",0.93206674,0.15944324224648687,0.9204327523708344,0.2029031630048153
"hidden-2, act-relu, nod-70",0.7102074,0.6901287699863123,0.8641175031661987,0.317526527229885
"hidden-2, act-relu, nod-70",0.8486428,0.3575152751381185,0.8826147973537445,0.2733234385110788
"hidden-2, act-relu, nod-70",0.86966515,0.30309973158234593,0.8921406269073486,0.2502902382245539
"hidden-2, act-relu, nod-70",0.8811962,0.27439231681604864,0.8910538673400878,0.23925113031406506
"hidden-2, act-relu, nod-70",0.8895235,0.2548335263401595,0.8971728026866913,0.2325901713293003
"hidden-2, act-relu, nod-70",0.8958257,0.23991188317686665,0.8998905599117281,0.2278533642174259
"hidden-2, act-relu, nod-70",0.89990616,0.2283551084902958,0.9072360217571258,0.21652515128402533
"hidden-2, act-relu, nod-70",0.9032463,0.22066222627122173,0.9075079500675202,0.2165751199025845
"hidden-2, act-relu, nod-70",0.90685827,0.21523731032266408,0.9102299630641936,0.2114455218314772
"hidden-2, act-relu, nod-70",0.90965426,0.20722463640879027,0.9094149231910704,0.2077196718025837
"hidden-2, act-relu, nod-70",0.9135232,0.19822640955441645,0.9124051570892334,0.21029261043375147
"hidden-2, act-relu, nod-70",0.9153973,0.1930246319198717,0.913765162229538,0.20356730497917347
"hidden-2, act-relu, nod-70",0.9169688,0.1903190928676805,0.9140356004238128,0.20508826347651374
"hidden-2, act-relu, nod-70",0.91941726,0.18212902331583194,0.9149892747402192,0.20324028511634945
"hidden-2, act-relu, nod-70",0.9223491,0.17934485732792066,0.9121325016021729,0.2147297534211937
"hidden-2, act-relu, nod-70",0.9224701,0.17821098529198098,0.9153959512710572,0.19642900301635496
"hidden-2, act-relu, nod-70",0.9252508,0.17366014416638473,0.9128111124038696,0.2020698624532873
"hidden-2, act-relu, nod-70",0.92650527,0.1709397666658654,0.9193408012390136,0.1995141060606276
"hidden-2, act-relu, nod-70",0.92810726,0.16796396210528888,0.9182536602020264,0.19929334639138865
"hidden-2, act-relu, nod-70",0.9282433,0.16712200643667913,0.9213838338851928,0.19420616669336285
"hidden-2, act-relu, nod-70",0.9315379,0.16286999831991772,0.9166235804557801,0.1956209829900523
"hidden-2, act-relu, nod-70",0.9324447,0.15933028657987008,0.9187982439994812,0.206752133589812
"hidden-2, act-relu, nod-70",0.93221796,0.1591113073274047,0.92355774641037,0.19319571028291926
"hidden-2, act-relu, nod-70",0.9348628,0.15289486389801346,0.9196166038513184,0.2030473017239713
"hidden-2, act-relu, nod-70",0.9342583,0.15353861006652675,0.9227432668209076,0.1981292762352813
"hidden-2, act-relu, nod-70",0.93593585,0.15169439578128566,0.9202968776226044,0.20074096019618065
"hidden-2, act-relu, nod-70",0.9358754,0.1511371374229191,0.9207041203975678,0.1921479790054176
"hidden-2, act-relu, nod-70",0.9371146,0.14599577940091632,0.9241045475006104,0.19451318241085075
"hidden-2, act-relu, nod-70",0.9389434,0.14247226664108875,0.921248346567154,0.19766259229626573
"hidden-2, act-relu, nod-70",0.9384899,0.14532871285044696,0.9228782236576079,0.19571963898330724
"hidden-2, act-relu, nod-100",0.7464031,0.6079966155936358,0.8691529870033264,0.29702053347385976
"hidden-2, act-relu, nod-100",0.85975087,0.32821176103306937,0.8890113830566406,0.2500703910282732
"hidden-2, act-relu, nod-100",0.8781587,0.2778718889818493,0.8934995293617248,0.24429567570417146
"hidden-2, act-relu, nod-100",0.88796693,0.2554308214654228,0.8983965575695038,0.22810132789796045
"hidden-2, act-relu, nod-100",0.89582574,0.23499910613240196,0.9002972543239594,0.2230380568182863
"hidden-2, act-relu, nod-100",0.90129673,0.22183345031859286,0.9041063964366912,0.22082630988171875
"hidden-2, act-relu, nod-100",0.9077349,0.2128785165790627,0.9066931009292604,0.22551128342566984
"hidden-2, act-relu, nod-100",0.91056097,0.20364452689817852,0.9132229745388032,0.20830166094738928
"hidden-2, act-relu, nod-100",0.91532165,0.1934902996983004,0.9109094858169556,0.20886662904780245
"hidden-2, act-relu, nod-100",0.9152158,0.19117370730800426,0.913493412733078,0.2022666142567556
"hidden-2, act-relu, nod-100",0.9200369,0.18655081753383848,0.9103667557239532,0.2080732953404312
"hidden-2, act-relu, nod-100",0.91997653,0.1837300811517862,0.9128135144710541,0.20885422183921865
"hidden-2, act-relu, nod-100",0.92393607,0.17751618231839966,0.9186620116233826,0.19581837211649328
"hidden-2, act-relu, nod-100",0.92620295,0.17035734362911262,0.9198853850364686,0.19865725447529256
"hidden-2, act-relu, nod-100",0.9275478,0.164671142985311,0.9171696603298188,0.19987659177949216
"hidden-2, act-relu, nod-100",0.92860603,0.16542050310202058,0.9238318800926208,0.19350692124148688
"hidden-2, act-relu, nod-100",0.93058586,0.16003531977937932,0.9159424006938934,0.2101303727703576
"hidden-2, act-relu, nod-100",0.9309939,0.159818934057476,0.9181170523166656,0.2052779834314462
"hidden-2, act-relu, nod-100",0.93480235,0.15193856405203224,0.9192054867744446,0.19679388481349028
"hidden-2, act-relu, nod-100",0.93536156,0.1519295239631257,0.9177094519138336,0.19943633673414568
"hidden-2, act-relu, nod-100",0.9342583,0.15252650420753305,0.9151249706745148,0.20655767238314632
"hidden-2, act-relu, nod-100",0.937568,0.14626053614275686,0.9228809893131256,0.20095487218216848
"hidden-2, act-relu, nod-100",0.936903,0.14632085890018015,0.9164866149425508,0.2047934424223561
"hidden-2, act-relu, nod-100",0.93829346,0.1449363972068917,0.921655023097992,0.20294158077705404
"hidden-2, act-relu, nod-100",0.94019765,0.139208246370824,0.9228793263435364,0.19605367324679995
"hidden-2, act-relu, nod-100",0.94078714,0.13778726614598902,0.919204568862915,0.20564241778556144
"hidden-2, act-relu, nod-100",0.9411651,0.139934649883732,0.9204329252243042,0.2038715895411003
"hidden-2, act-relu, nod-100",0.9412405,0.13923922464748933,0.9226064682006836,0.19685469206866607
"hidden-2, act-relu, nod-100",0.9430087,0.13425064690866606,0.9241039991378784,0.2029315209183352
"hidden-2, act-relu, nod-100",0.94510937,0.13077719331324789,0.9234239101409912,0.20191788506552827
"hidden-4, act-relu, nod-30",0.465784,1.2161988898349338,0.7342208325862885,0.5511286380357272
"hidden-4, act-relu, nod-30",0.6947466,0.6415138126753229,0.8188289403915405,0.4015608564963252
"hidden-4, act-relu, nod-30",0.7644479999999999,0.5108904046758804,0.8574560046195984,0.34612513547331863
"hidden-4, act-relu, nod-30",0.80706674,0.4387081675425516,0.8775842964649201,0.30947956039606905
"hidden-4, act-relu, nod-30",0.8296911,0.3979576574927922,0.8798963010311127,0.2912081896029997
"hidden-4, act-relu, nod-30",0.84453213,0.3675923738803257,0.88533735871315,0.27728723343445233
"hidden-4, act-relu, nod-30",0.85275334,0.3514064261290352,0.8843888521194458,0.27117756532542064
"hidden-4, act-relu, nod-30",0.85931265,0.3346823783080071,0.8896912932395935,0.2637504343130962
"hidden-4, act-relu, nod-30",0.8672017,0.3204729876987724,0.891322273015976,0.25673140533834793
"hidden-4, act-relu, nod-30",0.8688943000000001,0.3132008107067151,0.8920040249824523,0.25242638066626977
"hidden-4, act-relu, nod-30",0.8729596,0.3039640317242327,0.8928192496299744,0.2491187767387406
"hidden-4, act-relu, nod-30",0.87935257,0.2923687529049184,0.897033965587616,0.2408860764246797
"hidden-4, act-relu, nod-30",0.8803803,0.287924519047646,0.8985298335552215,0.24650192789863426
"hidden-4, act-relu, nod-30",0.8831007,0.28214106024455793,0.9026118338108062,0.23792444209531016
"hidden-4, act-relu, nod-30",0.8850955,0.2769274632921654,0.9007083714008332,0.2370021557026063
"hidden-4, act-relu, nod-30",0.8871962,0.2706714270097225,0.8994846224784852,0.2332420303929279
"hidden-4, act-relu, nod-30",0.8896142,0.2643124611595417,0.8993470788002014,0.2324724902520692
"hidden-4, act-relu, nod-30",0.8904907,0.2629207474731937,0.8964941918849945,0.24117868606088186
"hidden-4, act-relu, nod-30",0.8921380999999999,0.2587781276818221,0.899756920337677,0.2375268446043447
"hidden-4, act-relu, nod-30",0.8921382,0.2528685539735699,0.9019324898719788,0.2306373321202619
"hidden-4, act-relu, nod-30",0.89742756,0.2476236751579049,0.9061474084854126,0.2279014620962791
"hidden-4, act-relu, nod-30",0.8960222,0.2492889766951772,0.9041073322296144,0.22663185837476146
"hidden-4, act-relu, nod-30",0.8988636000000001,0.24488687951746674,0.9024752259254456,0.2278492491720732
"hidden-4, act-relu, nod-30",0.8992716000000001,0.2444297296763733,0.904924213886261,0.2281826745895231
"hidden-4, act-relu, nod-30",0.90230924,0.2350741763605159,0.9076454758644104,0.2209009122507384
"hidden-4, act-relu, nod-30",0.90168965,0.2384132122138464,0.9109080135822296,0.22374084559432045
"hidden-4, act-relu, nod-30",0.9012513,0.2389645242618257,0.9056065022945404,0.2255074357233679
"hidden-4, act-relu, nod-30",0.90459126,0.2326176759095826,0.9096837103366852,0.2260732892447192
"hidden-4, act-relu, nod-30",0.90498435,0.2302411231022896,0.9061481416225432,0.22612291528763184
"hidden-4, act-relu, nod-30",0.9052865,0.22880543584635776,0.9098197638988494,0.21958709021255096
"hidden-4, act-relu, nod-50",0.5602100999999999,0.9726359998477124,0.8146156787872314,0.4167083076918065
"hidden-4, act-relu, nod-50",0.78965664,0.485011062846386,0.8721458137035369,0.30494272321832844
"hidden-4, act-relu, nod-50",0.8389705,0.3843458015972168,0.8804412543773651,0.2853491552525355
"hidden-4, act-relu, nod-50",0.8577408999999999,0.3455568556099559,0.8832963645458222,0.2733951963393056
"hidden-4, act-relu, nod-50",0.87073815,0.3103356236127587,0.8913220942020417,0.24897896109204504
"hidden-4, act-relu, nod-50",0.8749245000000001,0.29774877077946715,0.8947227120399475,0.2454463487676229
"hidden-4, act-relu, nod-50",0.8816649,0.2813275485528103,0.8947245717048645,0.24149164959832398
"hidden-4, act-relu, nod-50",0.88648593,0.2693216716137882,0.8964927196502686,0.2366583079664674
"hidden-4, act-relu, nod-50",0.8904909,0.2605843200997079,0.9008444249629974,0.23076449302456786
"hidden-4, act-relu, nod-50",0.89339256,0.2530856976597816,0.9004347801208497,0.2308574955740101
"hidden-4, act-relu, nod-50",0.89753354,0.24292074850409265,0.9024754106998444,0.2259413050043269
"hidden-4, act-relu, nod-50",0.8991658000000001,0.2383920448038272,0.9056042909622192,0.22000926798020584
"hidden-4, act-relu, nod-50",0.90150833,0.2330249423677557,0.905466401576996,0.22444843478961413
"hidden-4, act-relu, nod-50",0.90419847,0.2273127413610692,0.9085954546928404,0.2201343496454975
"hidden-4, act-relu, nod-50",0.9048332,0.2267443860029746,0.9075077652931214,0.21899885000924907
"hidden-4, act-relu, nod-50",0.9081731,0.21718845296304265,0.9099573016166688,0.21264617638249825
"hidden-4, act-relu, nod-50",0.9110447,0.2128459496313678,0.9091394841670992,0.2216727719222149
"hidden-4, act-relu, nod-50",0.9109691,0.2103378428493578,0.9103641629219056,0.20922301783086772
"hidden-4, act-relu, nod-50",0.91092384,0.2079812569425128,0.9081876635551452,0.21694598509411386
"hidden-4, act-relu, nod-50",0.91299427,0.20463205850320648,0.9107754766941072,0.21303287130445286
"hidden-4, act-relu, nod-50",0.91504955,0.20325594849184475,0.9113183975219726,0.2106229133587314
"hidden-4, act-relu, nod-50",0.9165761,0.19770721633731028,0.9107741773128508,0.22172725952546896
"hidden-4, act-relu, nod-50",0.9175886,0.19711761863754754,0.9160778999328614,0.20858025703785232
"hidden-4, act-relu, nod-50",0.9193115,0.19267294241757765,0.9132222235202788,0.21242769479698692
"hidden-4, act-relu, nod-50",0.91858596,0.1912504588286668,0.9155353367328644,0.2047734579050798
"hidden-4, act-relu, nod-50",0.9197196,0.19105232414057072,0.918391752243042,0.20536820899180602
"hidden-4, act-relu, nod-50",0.9210646999999998,0.18659929973609,0.9164879202842712,0.2058826001613001
"hidden-4, act-relu, nod-50",0.9214425,0.1872050600735268,0.916349446773529,0.19997436655513973
"hidden-4, act-relu, nod-50",0.92383033,0.1854015984873905,0.9186627447605134,0.1975848300541269
"hidden-4, act-relu, nod-50",0.9245556,0.17800285292963278,0.9183900773525238,0.2069553643945
"hidden-4, act-relu, nod-70",0.62250596,0.8482903651337671,0.8429015040397644,0.3676665032659188
"hidden-4, act-relu, nod-70",0.82536876,0.4138414619608388,0.8773143947124481,0.2818011408996667
"hidden-4, act-relu, nod-70",0.85775596,0.3405964574868363,0.8875125706195831,0.2571003186699202
"hidden-4, act-relu, nod-70",0.8732469999999999,0.3039658316143786,0.8862893760204316,0.25787639063985457
"hidden-4, act-relu, nod-70",0.87994206,0.28351404411096026,0.8960828900337219,0.23714973623694946
"hidden-4, act-relu, nod-70",0.88796693,0.2654088524980593,0.8992095351219177,0.23190560209084746
"hidden-4, act-relu, nod-70",0.8938308,0.2508858220150717,0.8959468305110931,0.2321843252429081
"hidden-4, act-relu, nod-70",0.8963396,0.2434684759509713,0.8998907327651977,0.2294819175327487
"hidden-4, act-relu, nod-70",0.8991809999999999,0.2364127405265031,0.9005704641342163,0.2285056449893363
"hidden-4, act-relu, nod-70",0.9027173,0.2264296692847216,0.8989368855953217,0.2270534969476669
"hidden-4, act-relu, nod-70",0.90477276,0.2210002238859095,0.9066912472248078,0.2201125169836516
"hidden-4, act-relu, nod-70",0.90886843,0.21619304849582868,0.9111825287342072,0.20949388005894976
"hidden-4, act-relu, nod-70",0.90936697,0.21213400578332647,0.9077831923961641,0.22367518895315336
"hidden-4, act-relu, nod-70",0.9109238000000002,0.2094343145263752,0.9069663107395172,0.2254728573428936
"hidden-4, act-relu, nod-70",0.9161679,0.19865261257821692,0.914310485124588,0.20731064301020505
"hidden-4, act-relu, nod-70",0.91559374,0.1991919692016178,0.9115899503231047,0.20549323771941136
"hidden-4, act-relu, nod-70",0.9174675,0.1946601842962571,0.912540489435196,0.21015950895037147
"hidden-4, act-relu, nod-70",0.91831386,0.19182868035507608,0.9174393594264983,0.2100161373354792
"hidden-4, act-relu, nod-70",0.9206413,0.1885310146020249,0.9143104910850524,0.208163666438286
"hidden-4, act-relu, nod-70",0.9204751,0.18505123480982785,0.9133588433265686,0.20269666685208487
"hidden-4, act-relu, nod-70",0.92390585,0.18258696335341326,0.9144476354122162,0.20855159856870448
"hidden-4, act-relu, nod-70",0.9245405,0.1787757269557787,0.9168958842754364,0.2026316895617981
"hidden-4, act-relu, nod-70",0.9252508,0.17764139017358618,0.9152610182762146,0.20881012332052454
"hidden-4, act-relu, nod-70",0.92574966,0.17628751603774,0.9179830253124236,0.20404351354533395
"hidden-4, act-relu, nod-70",0.9261425,0.17449487617657972,0.9193418979644776,0.1993872087863344
"hidden-4, act-relu, nod-70",0.9281828,0.1709628287266534,0.9212489008903504,0.19759962900781086
"hidden-4, act-relu, nod-70",0.92984533,0.1679248211053263,0.9211109936237336,0.20169851195568492
"hidden-4, act-relu, nod-70",0.92967904,0.16834297788509808,0.9230155646800996,0.20177126031268705
"hidden-4, act-relu, nod-70",0.93264115,0.1624696720990303,0.9239696085453032,0.19505107945715472
"hidden-4, act-relu, nod-70",0.93350255,0.16231938713998956,0.9215206325054168,0.19353675849616744
"hidden-4, act-relu, nod-100",0.67570424,0.7284529233275124,0.8623532235622406,0.3219054777074481
"hidden-4, act-relu, nod-100",0.8477361999999999,0.3658633276094973,0.8835693895816803,0.27444354287973705
"hidden-4, act-relu, nod-100",0.869257,0.3087115378331654,0.8869659423828125,0.2579628209138156
"hidden-4, act-relu, nod-100",0.88103026,0.2794788369937886,0.8960830867290497,0.2400343071695564
"hidden-4, act-relu, nod-100",0.88792163,0.260788346309195,0.8981242716312409,0.2340816966048256
"hidden-4, act-relu, nod-100",0.8951610000000001,0.24412859686357485,0.8997543275356292,0.2358093340431346
"hidden-4, act-relu, nod-100",0.89937735,0.2356443590788424,0.9087335407733916,0.21920133061757704
"hidden-4, act-relu, nod-100",0.9035336,0.22623600738472746,0.9072356581687928,0.21842796185052507
"hidden-4, act-relu, nod-100",0.90735704,0.2155346376871888,0.906419324874878,0.2264095323205577
"hidden-4, act-relu, nod-100",0.9083393,0.21262868159980086,0.9099552631378174,0.21893848709521896
"hidden-4, act-relu, nod-100",0.9113166,0.20738327429068384,0.9096864879131316,0.2188092688276936
"hidden-4, act-relu, nod-100",0.91580516,0.1989679994463217,0.9149881720542908,0.2054843388758964
"hidden-4, act-relu, nod-100",0.91716546,0.19179563634242106,0.9158048629760742,0.21047754800333326
"hidden-4, act-relu, nod-100",0.91881275,0.19086235683764186,0.911861127614975,0.21460088471725866
"hidden-4, act-relu, nod-100",0.92154825,0.1847618840029811,0.918527239561081,0.20515037107618825
"hidden-4, act-relu, nod-100",0.9227722,0.18353963504544865,0.9174377024173735,0.20213335670563848
"hidden-4, act-relu, nod-100",0.92383033,0.1788930481828564,0.9162139534950255,0.20149327813681012
"hidden-4, act-relu, nod-100",0.92457086,0.17891323213521887,0.9170321226119996,0.20715007207946146
"hidden-4, act-relu, nod-100",0.9261879,0.17364643012799064,0.9175739407539368,0.2051781200392558
"hidden-4, act-relu, nod-100",0.92878723,0.1692536889711645,0.9223363935947418,0.2016448762336802
"hidden-4, act-relu, nod-100",0.9307067,0.16566425877617846,0.9174397408962248,0.20371799672246685
"hidden-4, act-relu, nod-100",0.9299663,0.16611035584228576,0.9198870539665224,0.20409406090520504
"hidden-4, act-relu, nod-100",0.9327923,0.16240716748379275,0.9182577252388,0.20781691720597367
"hidden-4, act-relu, nod-100",0.93510467,0.1568861948100583,0.9196153104305268,0.20274556900403512
"hidden-4, act-relu, nod-100",0.93241453,0.1621230634356104,0.9173033118247986,0.21524895776311115
"hidden-4, act-relu, nod-100",0.9346512,0.15536085294557467,0.9235592305660248,0.1921797023258753
"hidden-4, act-relu, nod-100",0.9368577,0.15388008949635498,0.9204310953617096,0.19721474582701265
"hidden-4, act-relu, nod-100",0.93590546,0.15270769237491125,0.9204310834407806,0.1985690243839358
"hidden-4, act-relu, nod-100",0.9358603,0.1571242478072313,0.9204314529895784,0.20444364764675588
"hidden-4, act-relu, nod-100",0.93821794,0.15098718713891696,0.9224715292453766,0.20210438118403
"hidden-8, act-relu, nod-30",0.32520238,1.5066870652511306,0.4958052396774292,1.0871312970651108
"hidden-8, act-relu, nod-30",0.47677082,1.0051990857573057,0.5383640319108963,0.8293552342218536
"hidden-8, act-relu, nod-30",0.53477466,0.8661159433533155,0.5865204513072968,0.766771340990553
"hidden-8, act-relu, nod-30",0.5818675,0.7855684539110486,0.6447151362895965,0.6714530398402473
"hidden-8, act-relu, nod-30",0.61791325,0.7068252125983998,0.6636120915412903,0.6260745388870583
"hidden-8, act-relu, nod-30",0.6339034,0.6745863561188178,0.6734039485454559,0.6071676347281093
"hidden-8, act-relu, nod-30",0.65672386,0.636731042909256,0.6992596447467804,0.5552621159065901
"hidden-8, act-relu, nod-30",0.6817205,0.5942340005489319,0.6969458043575287,0.5349979398981138
"hidden-8, act-relu, nod-30",0.6988886999999999,0.5608930489528559,0.7204778552055359,0.507788233587249
"hidden-8, act-relu, nod-30",0.70964915,0.5360205134033236,0.7385742068290709,0.4822911942431786
"hidden-8, act-relu, nod-30",0.7160721999999999,0.524387997873636,0.733808410167694,0.4765816993893727
"hidden-8, act-relu, nod-30",0.7284043,0.5029548794594044,0.7395214080810547,0.460865806662377
"hidden-8, act-relu, nod-30",0.7296585999999999,0.4964646158210464,0.7414252400398255,0.4540225971759652
"hidden-8, act-relu, nod-30",0.7361118000000001,0.4818205810406616,0.7395219624042509,0.4467315686266473
"hidden-8, act-relu, nod-30",0.7401773,0.4747354225754579,0.7531246244907379,0.4329175893576743
"hidden-8, act-relu, nod-30",0.74496806,0.4686675295602522,0.7635980606079101,0.4336852991102328
"hidden-8, act-relu, nod-30",0.7514062,0.4608598226492172,0.7578839480876922,0.4294043863164324
"hidden-8, act-relu, nod-30",0.7537185000000001,0.4572072414512542,0.7618273079395295,0.4320433455404181
"hidden-8, act-relu, nod-30",0.7566505,0.4516471909818976,0.7619677901268005,0.4249820796380696
"hidden-8, act-relu, nod-30",0.76064026,0.4394139462101291,0.7611536860466004,0.4188140911062206
"hidden-8, act-relu, nod-30",0.76398027,0.434802781600731,0.7561189353466033,0.4245260038153901
"hidden-8, act-relu, nod-30",0.7671388000000001,0.4295994733979084,0.7804671347141265,0.40998007888679
"hidden-8, act-relu, nod-30",0.7707206,0.426915664182153,0.7695831537246705,0.4115115828789645
"hidden-8, act-relu, nod-30",0.7731385000000001,0.4231335967832601,0.7690454006195069,0.4192485576057991
"hidden-8, act-relu, nod-30",0.77268535,0.4266387313843988,0.7653649091720581,0.4143148151103543
"hidden-8, act-relu, nod-30",0.7745896,0.4190647116716786,0.7829107463359832,0.40149211810533203
"hidden-8, act-relu, nod-30",0.77616125,0.4113986515575253,0.7853597283363343,0.4117444756941766
"hidden-8, act-relu, nod-30",0.77895725,0.4086186062431455,0.7868598461151123,0.3965009518006045
"hidden-8, act-relu, nod-30",0.77821666,0.4111946229198953,0.7842676043510437,0.3977695775078761
"hidden-8, act-relu, nod-30",0.7857430000000001,0.4045659374203408,0.7888925313949585,0.3955228107252688
"hidden-8, act-relu, nod-50",0.3854428,1.3172088167097715,0.6128941118717194,0.7610769253449128
"hidden-8, act-relu, nod-50",0.6234586999999999,0.7334649149615493,0.7259296417236328,0.5198217420555437
"hidden-8, act-relu, nod-50",0.7045549,0.5675043638847235,0.7520435869693756,0.4597993324240861
"hidden-8, act-relu, nod-50",0.73713875,0.4997151079306145,0.7819689095020295,0.4149902656034442
"hidden-8, act-relu, nod-50",0.7617427,0.4528458958575022,0.7929889500141144,0.3871250735502277
"hidden-8, act-relu, nod-50",0.7764175999999999,0.4241062506621791,0.7948868691921234,0.3677925974581059
"hidden-8, act-relu, nod-50",0.78654313,0.4094647418101278,0.804274994134903,0.3646220085844596
"hidden-8, act-relu, nod-50",0.80040205,0.390685616376998,0.8238601684570312,0.34747857406131616
"hidden-8, act-relu, nod-50",0.8126131,0.3699238223333566,0.8408697426319123,0.332483322508534
"hidden-8, act-relu, nod-50",0.82213414,0.3618589367396123,0.8536496222019195,0.3143033117468859
"hidden-8, act-relu, nod-50",0.8341791,0.34449701425640844,0.8654830276966095,0.3189927266866929
"hidden-8, act-relu, nod-50",0.84256685,0.3376774156757833,0.8717443048954009,0.29804291666770466
"hidden-8, act-relu, nod-50",0.84948844,0.3271817778541212,0.8692971706390381,0.2918348065380936
"hidden-8, act-relu, nod-50",0.85560894,0.3163672189490549,0.8678005695343017,0.28270383003018235
"hidden-8, act-relu, nod-50",0.85878295,0.3118167582875234,0.8717330396175385,0.28738467843521626
"hidden-8, act-relu, nod-50",0.8706014999999999,0.29426956566614004,0.8853386640548706,0.2751791226328812
"hidden-8, act-relu, nod-50",0.8699061,0.2968853017091206,0.8879255294799805,0.2756127199892884
"hidden-8, act-relu, nod-50",0.87365437,0.292522698946356,0.8880621492862701,0.2670703336718571
"hidden-8, act-relu, nod-50",0.8785056,0.28366481178949554,0.8816723883152008,0.2676131447118367
"hidden-8, act-relu, nod-50",0.88365936,0.27666513058698866,0.892682820558548,0.2580272384335641
"hidden-8, act-relu, nod-50",0.88650084,0.27007052922000024,0.8928194224834443,0.2553463491572673
"hidden-8, act-relu, nod-50",0.8864403000000001,0.269480368099974,0.8901027739048004,0.2636946654513245
"hidden-8, act-relu, nod-50",0.8897046999999999,0.2621890896252217,0.8932261049747467,0.2598008860338725
"hidden-8, act-relu, nod-50",0.89166945,0.2587809710429221,0.8901044309139252,0.26051710191310884
"hidden-8, act-relu, nod-50",0.8917451999999999,0.2583357324745706,0.8915962278842926,0.26312543490336904
"hidden-8, act-relu, nod-50",0.89292383,0.2510147234520241,0.8952704429626465,0.24654276369248085
"hidden-8, act-relu, nod-50",0.8962488000000001,0.2516105745930932,0.9009821355342864,0.2431433794924455
"hidden-8, act-relu, nod-50",0.8989693000000001,0.24231569012394544,0.8925491690635681,0.25785540192045603
"hidden-8, act-relu, nod-50",0.89862156,0.2452381392511973,0.8960821509361268,0.2496497942845749
"hidden-8, act-relu, nod-50",0.8991051999999999,0.2385364528287641,0.8977153539657593,0.2432779127852129
"hidden-8, act-relu, nod-70",0.41890317,1.197469030906185,0.6561442673206329,0.6977273894202529
"hidden-8, act-relu, nod-70",0.661755,0.6505590084771017,0.7566709160804749,0.4670019941716391
"hidden-8, act-relu, nod-70",0.7334515,0.5027940406420285,0.7665947496891021,0.39516508137984097
"hidden-8, act-relu, nod-70",0.766957,0.4359864860260649,0.7918953359127044,0.3719316885168825
"hidden-8, act-relu, nod-70",0.78868943,0.4019412950125129,0.8244010746479035,0.3436243721671762
"hidden-8, act-relu, nod-70",0.81024057,0.3733940598022658,0.8284817695617676,0.33314195848532024
"hidden-8, act-relu, nod-70",0.8263056999999999,0.3495950021524178,0.8537865996360778,0.3018473738050697
"hidden-8, act-relu, nod-70",0.83826005,0.3310071748259445,0.8609978556632996,0.2853753635704217
"hidden-8, act-relu, nod-70",0.84909594,0.3147938076183677,0.8677957713603973,0.2814238986035347
"hidden-8, act-relu, nod-70",0.85638016,0.3061023228525364,0.8729649186134338,0.2791185256128338
"hidden-8, act-relu, nod-70",0.86340773,0.29517349039919394,0.8714736819267273,0.2777034256182208
"hidden-8, act-relu, nod-70",0.8687273999999999,0.2883722642446936,0.8775903940200805,0.26207087864447576
"hidden-8, act-relu, nod-70",0.8717802,0.2794692017589606,0.8788139641284942,0.2581421605197681
"hidden-8, act-relu, nod-70",0.87703973,0.2699903140345884,0.8736459255218506,0.2786177570006351
"hidden-8, act-relu, nod-70",0.88012284,0.26378188357217314,0.8914596259593963,0.25807607904318985
"hidden-8, act-relu, nod-70",0.88338745,0.2595113631137408,0.8915921628475191,0.2556992049028679
"hidden-8, act-relu, nod-70",0.8871051,0.255615098175263,0.9003029704093933,0.25117407931974045
"hidden-8, act-relu, nod-70",0.8934075,0.2477568414782136,0.8983993172645569,0.2494662212400844
"hidden-8, act-relu, nod-70",0.89671725,0.2434451124360003,0.8994840621948242,0.2398470415719265
"hidden-8, act-relu, nod-70",0.8975786,0.2400873845682369,0.8973140358924866,0.2408813273644913
"hidden-8, act-relu, nod-70",0.8988482,0.2363546795917453,0.9041102766990662,0.23662871458467136
"hidden-8, act-relu, nod-70",0.9062688,0.2281631861777338,0.9049297571182252,0.23535979277678265
"hidden-8, act-relu, nod-70",0.9057851999999998,0.2261013448969237,0.8924127459526062,0.2458437892911403
"hidden-8, act-relu, nod-70",0.90536195,0.2254160144284699,0.9052009344100952,0.2406406197427417
"hidden-8, act-relu, nod-70",0.9083997,0.2189475242961707,0.9069679796695708,0.2321475957274984
"hidden-8, act-relu, nod-70",0.91036445,0.21459217614931184,0.9038418710231779,0.24114991530300034
"hidden-8, act-relu, nod-70",0.90988076,0.21502523570010584,0.9094130754470824,0.22447707359033087
"hidden-8, act-relu, nod-70",0.910319,0.21358975032021776,0.9017981052398679,0.24301760277780546
"hidden-8, act-relu, nod-70",0.9113618,0.21850257481545973,0.9094152927398682,0.2298579219565197
"hidden-8, act-relu, nod-70",0.9118908,0.2109049018349512,0.9090067684650419,0.22847103411520736
"hidden-8, act-relu, nod-100",0.49276143,1.028659612656154,0.6946304678916931,0.5457257234709956
"hidden-8, act-relu, nod-100",0.71454525,0.5424868421838677,0.7943411767482758,0.3922088975359511
"hidden-8, act-relu, nod-100",0.7896721,0.42687347896037736,0.8423630118370056,0.3327335964381713
"hidden-8, act-relu, nod-100",0.83074856,0.36439694005749457,0.8551484405994415,0.30048613916453404
"hidden-8, act-relu, nod-100",0.85311574,0.3307801774345659,0.8741991996765137,0.2802230871400689
"hidden-8, act-relu, nod-100",0.86582565,0.3099863587581935,0.8838549911975859,0.25646763507350595
"hidden-8, act-relu, nod-100",0.87835467,0.2883726746887749,0.8921450674533844,0.2553157015545892
"hidden-8, act-relu, nod-100",0.8867277,0.27285336619329004,0.9005697190761566,0.2419041374898263
"hidden-8, act-relu, nod-100",0.8916545,0.26029382998631045,0.8967635333538055,0.2418305524448977
"hidden-8, act-relu, nod-100",0.89667207,0.2513635958792556,0.9009789943695068,0.23983445803416936
"hidden-8, act-relu, nod-100",0.8989242000000001,0.2455644071342351,0.9002979874610901,0.2361620051945077
"hidden-8, act-relu, nod-100",0.89978534,0.23972540417526997,0.9031553089618682,0.2336262411169137
"hidden-8, act-relu, nod-100",0.9010247,0.2373288805116473,0.9100918710231779,0.22615336351724674
"hidden-8, act-relu, nod-100",0.9043194,0.2308627770389609,0.9100916802883148,0.21629122800007794
"hidden-8, act-relu, nod-100",0.90641993,0.22903565971068085,0.9043809175491332,0.2297770769631005
"hidden-8, act-relu, nod-100",0.9075987,0.22031060874187253,0.9065542817115784,0.22328779415001326
"hidden-8, act-relu, nod-100",0.9103645,0.2155943279739828,0.9066930949687958,0.2272914201228779
"hidden-8, act-relu, nod-100",0.9103795,0.2135034939632015,0.9066908717155456,0.22205459876971564
"hidden-8, act-relu, nod-100",0.9128128,0.2094788463586708,0.911044818162918,0.22473258766147625
"hidden-8, act-relu, nod-100",0.9132511,0.208263392231976,0.9077795028686524,0.2391180070813804
"hidden-8, act-relu, nod-100",0.9115585,0.21286053964063933,0.9072362124919892,0.222649543522572
"hidden-8, act-relu, nod-100",0.91518563,0.20651304527835154,0.9114518523216248,0.21769607462405416
"hidden-8, act-relu, nod-100",0.9179665,0.1963285582113596,0.9114537000656128,0.2215251995347213
"hidden-8, act-relu, nod-100",0.91876745,0.19344439715292253,0.9141735017299653,0.21794224477134244
"hidden-8, act-relu, nod-100",0.9197195,0.19004608932274408,0.9147190093994141,0.21786409988571856
"hidden-8, act-relu, nod-100",0.92050534,0.18874957035387416,0.9136337280273438,0.21650298364246714
"hidden-8, act-relu, nod-100",0.9218503,0.19051299381037912,0.9119984805583954,0.22144245632744264
"hidden-8, act-relu, nod-100",0.9195534,0.19154025792177404,0.9151258826255798,0.21325607081241105
"hidden-8, act-relu, nod-100",0.9221678,0.1876071418780796,0.9144467234611512,0.212829373477986
"hidden-8, act-relu, nod-100",0.9233921,0.18693186410676307,0.9153976202011108,0.22137239496609545
